,State,Year,Household_Size,Income_Level
0,AL,2016,1,11880
1,AL,2016,2,16020
2,AL,2016,3,20160
3,AL,2016,4,24300
4,AL,2016,5,28440
5,AL,2016,6,32580
6,AL,2016,7,36730
7,AL,2016,8,40890
8,AL,2017,1,12060
9,AL,2017,2,16240
10,AL,2017,3,20420
11,AL,2017,4,24600
12,AL,2017,5,28780
13,AL,2017,6,32960
14,AL,2017,7,37140
15,AL,2017,8,41320
16,AL,2018,1,12140
17,AL,2018,2,16460
18,AL,2018,3,20780
19,AL,2018,4,25100
20,AL,2018,5,29420
21,AL,2018,6,33740
22,AL,2018,7,38060
23,AL,2018,8,42380
24,AL,2019,1,12490
25,AL,2019,2,16910
26,AL,2019,3,21330
27,AL,2019,4,25750
28,AL,2019,5,30170
29,AL,2019,6,34590
30,AL,2019,7,39010
31,AL,2019,8,43430
32,AL,2020,1,12760
33,AL,2020,2,17240
34,AL,2020,3,21720
35,AL,2020,4,26200
36,AL,2020,5,30680
37,AL,2020,6,35160
38,AL,2020,7,39640
39,AL,2020,8,44120
40,AK,2016,1,14840
41,AK,2016,2,20020
42,AK,2016,3,25200
43,AK,2016,4,30380
44,AK,2016,5,35560
45,AK,2016,6,40720
46,AK,2016,7,45920
47,AK,2016,8,51120
48,AK,2017,1,15060
49,AK,2017,2,20290
50,AK,2017,3,25520
51,AK,2017,4,30750
52,AK,2017,5,35980
53,AK,2017,6,41210
54,AK,2017,7,46440
55,AK,2017,8,51670
56,AK,2018,1,15180
57,AK,2018,2,20580
58,AK,2018,3,25980
59,AK,2018,4,31380
60,AK,2018,5,36780
61,AK,2018,6,42180
62,AK,2018,7,47580
63,AK,2018,8,52980
64,AK,2019,1,15600
65,AK,2019,2,21130
66,AK,2019,3,26660
67,AK,2019,4,32190
68,AK,2019,5,37720
69,AK,2019,6,43250
70,AK,2019,7,48780
71,AK,2019,8,54310
72,AK,2020,1,15950
73,AK,2020,2,21550
74,AK,2020,3,27150
75,AK,2020,4,32750
76,AK,2020,5,38350
77,AK,2020,6,43950
78,AK,2020,7,49550
79,AK,2020,8,55150
80,AZ,2016,1,11880
81,AZ,2016,2,16020
82,AZ,2016,3,20160
83,AZ,2016,4,24300
84,AZ,2016,5,28440
85,AZ,2016,6,32580
86,AZ,2016,7,36730
87,AZ,2016,8,40890
88,AZ,2017,1,12060
89,AZ,2017,2,16240
90,AZ,2017,3,20420
91,AZ,2017,4,24600
92,AZ,2017,5,28780
93,AZ,2017,6,32960
94,AZ,2017,7,37140
95,AZ,2017,8,41320
96,AZ,2018,1,12140
97,AZ,2018,2,16460
98,AZ,2018,3,20780
99,AZ,2018,4,25100
100,AZ,2018,5,29420
101,AZ,2018,6,33740
102,AZ,2018,7,38060
103,AZ,2018,8,42380
104,AZ,2019,1,12490
105,AZ,2019,2,16910
106,AZ,2019,3,21330
107,AZ,2019,4,25750
108,AZ,2019,5,30170
109,AZ,2019,6,34590
110,AZ,2019,7,39010
111,AZ,2019,8,43430
112,AZ,2020,1,12760
113,AZ,2020,2,17240
114,AZ,2020,3,21720
115,AZ,2020,4,26200
116,AZ,2020,5,30680
117,AZ,2020,6,35160
118,AZ,2020,7,39640
119,AZ,2020,8,44120
120,AR,2016,1,11880
121,AR,2016,2,16020
122,AR,2016,3,20160
123,AR,2016,4,24300
124,AR,2016,5,28440
125,AR,2016,6,32580
126,AR,2016,7,36730
127,AR,2016,8,40890
128,AR,2017,1,12060
129,AR,2017,2,16240
130,AR,2017,3,20420
131,AR,2017,4,24600
132,AR,2017,5,28780
133,AR,2017,6,32960
134,AR,2017,7,37140
135,AR,2017,8,41320
136,AR,2018,1,12140
137,AR,2018,2,16460
138,AR,2018,3,20780
139,AR,2018,4,25100
140,AR,2018,5,29420
141,AR,2018,6,33740
142,AR,2018,7,38060
143,AR,2018,8,42380
144,AR,2019,1,12490
145,AR,2019,2,16910
146,AR,2019,3,21330
147,AR,2019,4,25750
148,AR,2019,5,30170
149,AR,2019,6,34590
150,AR,2019,7,39010
151,AR,2019,8,43430
152,AR,2020,1,12760
153,AR,2020,2,17240
154,AR,2020,3,21720
155,AR,2020,4,26200
156,AR,2020,5,30680
157,AR,2020,6,35160
158,AR,2020,7,39640
159,AR,2020,8,44120
160,CA,2016,1,11880
161,CA,2016,2,16020
162,CA,2016,3,20160
163,CA,2016,4,24300
164,CA,2016,5,28440
165,CA,2016,6,32580
166,CA,2016,7,36730
167,CA,2016,8,40890
168,CA,2017,1,12060
169,CA,2017,2,16240
170,CA,2017,3,20420
171,CA,2017,4,24600
172,CA,2017,5,28780
173,CA,2017,6,32960
174,CA,2017,7,37140
175,CA,2017,8,41320
176,CA,2018,1,12140
177,CA,2018,2,16460
178,CA,2018,3,20780
179,CA,2018,4,25100
180,CA,2018,5,29420
181,CA,2018,6,33740
182,CA,2018,7,38060
183,CA,2018,8,42380
184,CA,2019,1,12490
185,CA,2019,2,16910
186,CA,2019,3,21330
187,CA,2019,4,25750
188,CA,2019,5,30170
189,CA,2019,6,34590
190,CA,2019,7,39010
191,CA,2019,8,43430
192,CA,2020,1,12760
193,CA,2020,2,17240
194,CA,2020,3,21720
195,CA,2020,4,26200
196,CA,2020,5,30680
197,CA,2020,6,35160
198,CA,2020,7,39640
199,CA,2020,8,44120
200,CO,2016,1,11880
201,CO,2016,2,16020
202,CO,2016,3,20160
203,CO,2016,4,24300
204,CO,2016,5,28440
205,CO,2016,6,32580
206,CO,2016,7,36730
207,CO,2016,8,40890
208,CO,2017,1,12060
209,CO,2017,2,16240
210,CO,2017,3,20420
211,CO,2017,4,24600
212,CO,2017,5,28780
213,CO,2017,6,32960
214,CO,2017,7,37140
215,CO,2017,8,41320
216,CO,2018,1,12140
217,CO,2018,2,16460
218,CO,2018,3,20780
219,CO,2018,4,25100
220,CO,2018,5,29420
221,CO,2018,6,33740
222,CO,2018,7,38060
223,CO,2018,8,42380
224,CO,2019,1,12490
225,CO,2019,2,16910
226,CO,2019,3,21330
227,CO,2019,4,25750
228,CO,2019,5,30170
229,CO,2019,6,34590
230,CO,2019,7,39010
231,CO,2019,8,43430
232,CO,2020,1,12760
233,CO,2020,2,17240
234,CO,2020,3,21720
235,CO,2020,4,26200
236,CO,2020,5,30680
237,CO,2020,6,35160
238,CO,2020,7,39640
239,CO,2020,8,44120
240,CT,2016,1,11880
241,CT,2016,2,16020
242,CT,2016,3,20160
243,CT,2016,4,24300
244,CT,2016,5,28440
245,CT,2016,6,32580
246,CT,2016,7,36730
247,CT,2016,8,40890
248,CT,2017,1,12060
249,CT,2017,2,16240
250,CT,2017,3,20420
251,CT,2017,4,24600
252,CT,2017,5,28780
253,CT,2017,6,32960
254,CT,2017,7,37140
255,CT,2017,8,41320
256,CT,2018,1,12140
257,CT,2018,2,16460
258,CT,2018,3,20780
259,CT,2018,4,25100
260,CT,2018,5,29420
261,CT,2018,6,33740
262,CT,2018,7,38060
263,CT,2018,8,42380
264,CT,2019,1,12490
265,CT,2019,2,16910
266,CT,2019,3,21330
267,CT,2019,4,25750
268,CT,2019,5,30170
269,CT,2019,6,34590
270,CT,2019,7,39010
271,CT,2019,8,43430
272,CT,2020,1,12760
273,CT,2020,2,17240
274,CT,2020,3,21720
275,CT,2020,4,26200
276,CT,2020,5,30680
277,CT,2020,6,35160
278,CT,2020,7,39640
279,CT,2020,8,44120
280,DE,2016,1,11880
281,DE,2016,2,16020
282,DE,2016,3,20160
283,DE,2016,4,24300
284,DE,2016,5,28440
285,DE,2016,6,32580
286,DE,2016,7,36730
287,DE,2016,8,40890
288,DE,2017,1,12060
289,DE,2017,2,16240
290,DE,2017,3,20420
291,DE,2017,4,24600
292,DE,2017,5,28780
293,DE,2017,6,32960
294,DE,2017,7,37140
295,DE,2017,8,41320
296,DE,2018,1,12140
297,DE,2018,2,16460
298,DE,2018,3,20780
299,DE,2018,4,25100
300,DE,2018,5,29420
301,DE,2018,6,33740
302,DE,2018,7,38060
303,DE,2018,8,42380
304,DE,2019,1,12490
305,DE,2019,2,16910
306,DE,2019,3,21330
307,DE,2019,4,25750
308,DE,2019,5,30170
309,DE,2019,6,34590
310,DE,2019,7,39010
311,DE,2019,8,43430
312,DE,2020,1,12760
313,DE,2020,2,17240
314,DE,2020,3,21720
315,DE,2020,4,26200
316,DE,2020,5,30680
317,DE,2020,6,35160
318,DE,2020,7,39640
319,DE,2020,8,44120
320,FL,2016,1,11880
321,FL,2016,2,16020
322,FL,2016,3,20160
323,FL,2016,4,24300
324,FL,2016,5,28440
325,FL,2016,6,32580
326,FL,2016,7,36730
327,FL,2016,8,40890
328,FL,2017,1,12060
329,FL,2017,2,16240
330,FL,2017,3,20420
331,FL,2017,4,24600
332,FL,2017,5,28780
333,FL,2017,6,32960
334,FL,2017,7,37140
335,FL,2017,8,41320
336,FL,2018,1,12140
337,FL,2018,2,16460
338,FL,2018,3,20780
339,FL,2018,4,25100
340,FL,2018,5,29420
341,FL,2018,6,33740
342,FL,2018,7,38060
343,FL,2018,8,42380
344,FL,2019,1,12490
345,FL,2019,2,16910
346,FL,2019,3,21330
347,FL,2019,4,25750
348,FL,2019,5,30170
349,FL,2019,6,34590
350,FL,2019,7,39010
351,FL,2019,8,43430
352,FL,2020,1,12760
353,FL,2020,2,17240
354,FL,2020,3,21720
355,FL,2020,4,26200
356,FL,2020,5,30680
357,FL,2020,6,35160
358,FL,2020,7,39640
359,FL,2020,8,44120
360,GA,2016,1,11880
361,GA,2016,2,16020
362,GA,2016,3,20160
363,GA,2016,4,24300
364,GA,2016,5,28440
365,GA,2016,6,32580
366,GA,2016,7,36730
367,GA,2016,8,40890
368,GA,2017,1,12060
369,GA,2017,2,16240
370,GA,2017,3,20420
371,GA,2017,4,24600
372,GA,2017,5,28780
373,GA,2017,6,32960
374,GA,2017,7,37140
375,GA,2017,8,41320
376,GA,2018,1,12140
377,GA,2018,2,16460
378,GA,2018,3,20780
379,GA,2018,4,25100
380,GA,2018,5,29420
381,GA,2018,6,33740
382,GA,2018,7,38060
383,GA,2018,8,42380
384,GA,2019,1,12490
385,GA,2019,2,16910
386,GA,2019,3,21330
387,GA,2019,4,25750
388,GA,2019,5,30170
389,GA,2019,6,34590
390,GA,2019,7,39010
391,GA,2019,8,43430
392,GA,2020,1,12760
393,GA,2020,2,17240
394,GA,2020,3,21720
395,GA,2020,4,26200
396,GA,2020,5,30680
397,GA,2020,6,35160
398,GA,2020,7,39640
399,GA,2020,8,44120
400,HI,2016,1,13670
401,HI,2016,2,18430
402,HI,2016,3,23190
403,HI,2016,4,27950
404,HI,2016,5,32710
405,HI,2016,6,37470
406,HI,2016,7,42230
407,HI,2016,8,47010
408,HI,2017,1,13860
409,HI,2017,2,18670
410,HI,2017,3,23480
411,HI,2017,4,28290
412,HI,2017,5,33100
413,HI,2017,6,37910
414,HI,2017,7,42720
415,HI,2017,8,47530
416,HI,2018,1,13960
417,HI,2018,2,18930
418,HI,2018,3,23900
419,HI,2018,4,28870
420,HI,2018,5,33840
421,HI,2018,6,38810
422,HI,2018,7,43780
423,HI,2018,8,48750
424,HI,2019,1,14380
425,HI,2019,2,19460
426,HI,2019,3,24540
427,HI,2019,4,29620
428,HI,2019,5,34700
429,HI,2019,6,39780
430,HI,2019,7,44860
431,HI,2019,8,49940
432,HI,2020,1,14680
433,HI,2020,2,19830
434,HI,2020,3,24980
435,HI,2020,4,30130
436,HI,2020,5,35280
437,HI,2020,6,40430
438,HI,2020,7,45580
439,HI,2020,8,50730
440,ID,2016,1,11880
441,ID,2016,2,16020
442,ID,2016,3,20160
443,ID,2016,4,24300
444,ID,2016,5,28440
445,ID,2016,6,32580
446,ID,2016,7,36730
447,ID,2016,8,40890
448,ID,2017,1,12060
449,ID,2017,2,16240
450,ID,2017,3,20420
451,ID,2017,4,24600
452,ID,2017,5,28780
453,ID,2017,6,32960
454,ID,2017,7,37140
455,ID,2017,8,41320
456,ID,2018,1,12140
457,ID,2018,2,16460
458,ID,2018,3,20780
459,ID,2018,4,25100
460,ID,2018,5,29420
461,ID,2018,6,33740
462,ID,2018,7,38060
463,ID,2018,8,42380
464,ID,2019,1,12490
465,ID,2019,2,16910
466,ID,2019,3,21330
467,ID,2019,4,25750
468,ID,2019,5,30170
469,ID,2019,6,34590
470,ID,2019,7,39010
471,ID,2019,8,43430
472,ID,2020,1,12760
473,ID,2020,2,17240
474,ID,2020,3,21720
475,ID,2020,4,26200
476,ID,2020,5,30680
477,ID,2020,6,35160
478,ID,2020,7,39640
479,ID,2020,8,44120
480,IL,2016,1,11880
481,IL,2016,2,16020
482,IL,2016,3,20160
483,IL,2016,4,24300
484,IL,2016,5,28440
485,IL,2016,6,32580
486,IL,2016,7,36730
487,IL,2016,8,40890
488,IL,2017,1,12060
489,IL,2017,2,16240
490,IL,2017,3,20420
491,IL,2017,4,24600
492,IL,2017,5,28780
493,IL,2017,6,32960
494,IL,2017,7,37140
495,IL,2017,8,41320
496,IL,2018,1,12140
497,IL,2018,2,16460
498,IL,2018,3,20780
499,IL,2018,4,25100
500,IL,2018,5,29420
501,IL,2018,6,33740
502,IL,2018,7,38060
503,IL,2018,8,42380
504,IL,2019,1,12490
505,IL,2019,2,16910
506,IL,2019,3,21330
507,IL,2019,4,25750
508,IL,2019,5,30170
509,IL,2019,6,34590
510,IL,2019,7,39010
511,IL,2019,8,43430
512,IL,2020,1,12760
513,IL,2020,2,17240
514,IL,2020,3,21720
515,IL,2020,4,26200
516,IL,2020,5,30680
517,IL,2020,6,35160
518,IL,2020,7,39640
519,IL,2020,8,44120
520,IN,2016,1,11880
521,IN,2016,2,16020
522,IN,2016,3,20160
523,IN,2016,4,24300
524,IN,2016,5,28440
525,IN,2016,6,32580
526,IN,2016,7,36730
527,IN,2016,8,40890
528,IN,2017,1,12060
529,IN,2017,2,16240
530,IN,2017,3,20420
531,IN,2017,4,24600
532,IN,2017,5,28780
533,IN,2017,6,32960
534,IN,2017,7,37140
535,IN,2017,8,41320
536,IN,2018,1,12140
537,IN,2018,2,16460
538,IN,2018,3,20780
539,IN,2018,4,25100
540,IN,2018,5,29420
541,IN,2018,6,33740
542,IN,2018,7,38060
543,IN,2018,8,42380
544,IN,2019,1,12490
545,IN,2019,2,16910
546,IN,2019,3,21330
547,IN,2019,4,25750
548,IN,2019,5,30170
549,IN,2019,6,34590
550,IN,2019,7,39010
551,IN,2019,8,43430
552,IN,2020,1,12760
553,IN,2020,2,17240
554,IN,2020,3,21720
555,IN,2020,4,26200
556,IN,2020,5,30680
557,IN,2020,6,35160
558,IN,2020,7,39640
559,IN,2020,8,44120
560,IA,2016,1,11880
561,IA,2016,2,16020
562,IA,2016,3,20160
563,IA,2016,4,24300
564,IA,2016,5,28440
565,IA,2016,6,32580
566,IA,2016,7,36730
567,IA,2016,8,40890
568,IA,2017,1,12060
569,IA,2017,2,16240
570,IA,2017,3,20420
571,IA,2017,4,24600
572,IA,2017,5,28780
573,IA,2017,6,32960
574,IA,2017,7,37140
575,IA,2017,8,41320
576,IA,2018,1,12140
577,IA,2018,2,16460
578,IA,2018,3,20780
579,IA,2018,4,25100
580,IA,2018,5,29420
581,IA,2018,6,33740
582,IA,2018,7,38060
583,IA,2018,8,42380
584,IA,2019,1,12490
585,IA,2019,2,16910
586,IA,2019,3,21330
587,IA,2019,4,25750
588,IA,2019,5,30170
589,IA,2019,6,34590
590,IA,2019,7,39010
591,IA,2019,8,43430
592,IA,2020,1,12760
593,IA,2020,2,17240
594,IA,2020,3,21720
595,IA,2020,4,26200
596,IA,2020,5,30680
597,IA,2020,6,35160
598,IA,2020,7,39640
599,IA,2020,8,44120
600,KS,2016,1,11880
601,KS,2016,2,16020
602,KS,2016,3,20160
603,KS,2016,4,24300
604,KS,2016,5,28440
605,KS,2016,6,32580
606,KS,2016,7,36730
607,KS,2016,8,40890
608,KS,2017,1,12060
609,KS,2017,2,16240
610,KS,2017,3,20420
611,KS,2017,4,24600
612,KS,2017,5,28780
613,KS,2017,6,32960
614,KS,2017,7,37140
615,KS,2017,8,41320
616,KS,2018,1,12140
617,KS,2018,2,16460
618,KS,2018,3,20780
619,KS,2018,4,25100
620,KS,2018,5,29420
621,KS,2018,6,33740
622,KS,2018,7,38060
623,KS,2018,8,42380
624,KS,2019,1,12490
625,KS,2019,2,16910
626,KS,2019,3,21330
627,KS,2019,4,25750
628,KS,2019,5,30170
629,KS,2019,6,34590
630,KS,2019,7,39010
631,KS,2019,8,43430
632,KS,2020,1,12760
633,KS,2020,2,17240
634,KS,2020,3,21720
635,KS,2020,4,26200
636,KS,2020,5,30680
637,KS,2020,6,35160
638,KS,2020,7,39640
639,KS,2020,8,44120
640,KY,2016,1,11880
641,KY,2016,2,16020
642,KY,2016,3,20160
643,KY,2016,4,24300
644,KY,2016,5,28440
645,KY,2016,6,32580
646,KY,2016,7,36730
647,KY,2016,8,40890
648,KY,2017,1,12060
649,KY,2017,2,16240
650,KY,2017,3,20420
651,KY,2017,4,24600
652,KY,2017,5,28780
653,KY,2017,6,32960
654,KY,2017,7,37140
655,KY,2017,8,41320
656,KY,2018,1,12140
657,KY,2018,2,16460
658,KY,2018,3,20780
659,KY,2018,4,25100
660,KY,2018,5,29420
661,KY,2018,6,33740
662,KY,2018,7,38060
663,KY,2018,8,42380
664,KY,2019,1,12490
665,KY,2019,2,16910
666,KY,2019,3,21330
667,KY,2019,4,25750
668,KY,2019,5,30170
669,KY,2019,6,34590
670,KY,2019,7,39010
671,KY,2019,8,43430
672,KY,2020,1,12760
673,KY,2020,2,17240
674,KY,2020,3,21720
675,KY,2020,4,26200
676,KY,2020,5,30680
677,KY,2020,6,35160
678,KY,2020,7,39640
679,KY,2020,8,44120
680,LA,2016,1,11880
681,LA,2016,2,16020
682,LA,2016,3,20160
683,LA,2016,4,24300
684,LA,2016,5,28440
685,LA,2016,6,32580
686,LA,2016,7,36730
687,LA,2016,8,40890
688,LA,2017,1,12060
689,LA,2017,2,16240
690,LA,2017,3,20420
691,LA,2017,4,24600
692,LA,2017,5,28780
693,LA,2017,6,32960
694,LA,2017,7,37140
695,LA,2017,8,41320
696,LA,2018,1,12140
697,LA,2018,2,16460
698,LA,2018,3,20780
699,LA,2018,4,25100
700,LA,2018,5,29420
701,LA,2018,6,33740
702,LA,2018,7,38060
703,LA,2018,8,42380
704,LA,2019,1,12490
705,LA,2019,2,16910
706,LA,2019,3,21330
707,LA,2019,4,25750
708,LA,2019,5,30170
709,LA,2019,6,34590
710,LA,2019,7,39010
711,LA,2019,8,43430
712,LA,2020,1,12760
713,LA,2020,2,17240
714,LA,2020,3,21720
715,LA,2020,4,26200
716,LA,2020,5,30680
717,LA,2020,6,35160
718,LA,2020,7,39640
719,LA,2020,8,44120
720,ME,2016,1,11880
721,ME,2016,2,16020
722,ME,2016,3,20160
723,ME,2016,4,24300
724,ME,2016,5,28440
725,ME,2016,6,32580
726,ME,2016,7,36730
727,ME,2016,8,40890
728,ME,2017,1,12060
729,ME,2017,2,16240
730,ME,2017,3,20420
731,ME,2017,4,24600
732,ME,2017,5,28780
733,ME,2017,6,32960
734,ME,2017,7,37140
735,ME,2017,8,41320
736,ME,2018,1,12140
737,ME,2018,2,16460
738,ME,2018,3,20780
739,ME,2018,4,25100
740,ME,2018,5,29420
741,ME,2018,6,33740
742,ME,2018,7,38060
743,ME,2018,8,42380
744,ME,2019,1,12490
745,ME,2019,2,16910
746,ME,2019,3,21330
747,ME,2019,4,25750
748,ME,2019,5,30170
749,ME,2019,6,34590
750,ME,2019,7,39010
751,ME,2019,8,43430
752,ME,2020,1,12760
753,ME,2020,2,17240
754,ME,2020,3,21720
755,ME,2020,4,26200
756,ME,2020,5,30680
757,ME,2020,6,35160
758,ME,2020,7,39640
759,ME,2020,8,44120
760,MD,2016,1,11880
761,MD,2016,2,16020
762,MD,2016,3,20160
763,MD,2016,4,24300
764,MD,2016,5,28440
765,MD,2016,6,32580
766,MD,2016,7,36730
767,MD,2016,8,40890
768,MD,2017,1,12060
769,MD,2017,2,16240
770,MD,2017,3,20420
771,MD,2017,4,24600
772,MD,2017,5,28780
773,MD,2017,6,32960
774,MD,2017,7,37140
775,MD,2017,8,41320
776,MD,2018,1,12140
777,MD,2018,2,16460
778,MD,2018,3,20780
779,MD,2018,4,25100
780,MD,2018,5,29420
781,MD,2018,6,33740
782,MD,2018,7,38060
783,MD,2018,8,42380
784,MD,2019,1,12490
785,MD,2019,2,16910
786,MD,2019,3,21330
787,MD,2019,4,25750
788,MD,2019,5,30170
789,MD,2019,6,34590
790,MD,2019,7,39010
791,MD,2019,8,43430
792,MD,2020,1,12760
793,MD,2020,2,17240
794,MD,2020,3,21720
795,MD,2020,4,26200
796,MD,2020,5,30680
797,MD,2020,6,35160
798,MD,2020,7,39640
799,MD,2020,8,44120
800,MA,2016,1,11880
801,MA,2016,2,16020
802,MA,2016,3,20160
803,MA,2016,4,24300
804,MA,2016,5,28440
805,MA,2016,6,32580
806,MA,2016,7,36730
807,MA,2016,8,40890
808,MA,2017,1,12060
809,MA,2017,2,16240
810,MA,2017,3,20420
811,MA,2017,4,24600
812,MA,2017,5,28780
813,MA,2017,6,32960
814,MA,2017,7,37140
815,MA,2017,8,41320
816,MA,2018,1,12140
817,MA,2018,2,16460
818,MA,2018,3,20780
819,MA,2018,4,25100
820,MA,2018,5,29420
821,MA,2018,6,33740
822,MA,2018,7,38060
823,MA,2018,8,42380
824,MA,2019,1,12490
825,MA,2019,2,16910
826,MA,2019,3,21330
827,MA,2019,4,25750
828,MA,2019,5,30170
829,MA,2019,6,34590
830,MA,2019,7,39010
831,MA,2019,8,43430
832,MA,2020,1,12760
833,MA,2020,2,17240
834,MA,2020,3,21720
835,MA,2020,4,26200
836,MA,2020,5,30680
837,MA,2020,6,35160
838,MA,2020,7,39640
839,MA,2020,8,44120
840,MI,2016,1,11880
841,MI,2016,2,16020
842,MI,2016,3,20160
843,MI,2016,4,24300
844,MI,2016,5,28440
845,MI,2016,6,32580
846,MI,2016,7,36730
847,MI,2016,8,40890
848,MI,2017,1,12060
849,MI,2017,2,16240
850,MI,2017,3,20420
851,MI,2017,4,24600
852,MI,2017,5,28780
853,MI,2017,6,32960
854,MI,2017,7,37140
855,MI,2017,8,41320
856,MI,2018,1,12140
857,MI,2018,2,16460
858,MI,2018,3,20780
859,MI,2018,4,25100
860,MI,2018,5,29420
861,MI,2018,6,33740
862,MI,2018,7,38060
863,MI,2018,8,42380
864,MI,2019,1,12490
865,MI,2019,2,16910
866,MI,2019,3,21330
867,MI,2019,4,25750
868,MI,2019,5,30170
869,MI,2019,6,34590
870,MI,2019,7,39010
871,MI,2019,8,43430
872,MI,2020,1,12760
873,MI,2020,2,17240
874,MI,2020,3,21720
875,MI,2020,4,26200
876,MI,2020,5,30680
877,MI,2020,6,35160
878,MI,2020,7,39640
879,MI,2020,8,44120
880,MN,2016,1,11880
881,MN,2016,2,16020
882,MN,2016,3,20160
883,MN,2016,4,24300
884,MN,2016,5,28440
885,MN,2016,6,32580
886,MN,2016,7,36730
887,MN,2016,8,40890
888,MN,2017,1,12060
889,MN,2017,2,16240
890,MN,2017,3,20420
891,MN,2017,4,24600
892,MN,2017,5,28780
893,MN,2017,6,32960
894,MN,2017,7,37140
895,MN,2017,8,41320
896,MN,2018,1,12140
897,MN,2018,2,16460
898,MN,2018,3,20780
899,MN,2018,4,25100
900,MN,2018,5,29420
901,MN,2018,6,33740
902,MN,2018,7,38060
903,MN,2018,8,42380
904,MN,2019,1,12490
905,MN,2019,2,16910
906,MN,2019,3,21330
907,MN,2019,4,25750
908,MN,2019,5,30170
909,MN,2019,6,34590
910,MN,2019,7,39010
911,MN,2019,8,43430
912,MN,2020,1,12760
913,MN,2020,2,17240
914,MN,2020,3,21720
915,MN,2020,4,26200
916,MN,2020,5,30680
917,MN,2020,6,35160
918,MN,2020,7,39640
919,MN,2020,8,44120
920,MS,2016,1,11880
921,MS,2016,2,16020
922,MS,2016,3,20160
923,MS,2016,4,24300
924,MS,2016,5,28440
925,MS,2016,6,32580
926,MS,2016,7,36730
927,MS,2016,8,40890
928,MS,2017,1,12060
929,MS,2017,2,16240
930,MS,2017,3,20420
931,MS,2017,4,24600
932,MS,2017,5,28780
933,MS,2017,6,32960
934,MS,2017,7,37140
935,MS,2017,8,41320
936,MS,2018,1,12140
937,MS,2018,2,16460
938,MS,2018,3,20780
939,MS,2018,4,25100
940,MS,2018,5,29420
941,MS,2018,6,33740
942,MS,2018,7,38060
943,MS,2018,8,42380
944,MS,2019,1,12490
945,MS,2019,2,16910
946,MS,2019,3,21330
947,MS,2019,4,25750
948,MS,2019,5,30170
949,MS,2019,6,34590
950,MS,2019,7,39010
951,MS,2019,8,43430
952,MS,2020,1,12760
953,MS,2020,2,17240
954,MS,2020,3,21720
955,MS,2020,4,26200
956,MS,2020,5,30680
957,MS,2020,6,35160
958,MS,2020,7,39640
959,MS,2020,8,44120
960,MO,2016,1,11880
961,MO,2016,2,16020
962,MO,2016,3,20160
963,MO,2016,4,24300
964,MO,2016,5,28440
965,MO,2016,6,32580
966,MO,2016,7,36730
967,MO,2016,8,40890
968,MO,2017,1,12060
969,MO,2017,2,16240
970,MO,2017,3,20420
971,MO,2017,4,24600
972,MO,2017,5,28780
973,MO,2017,6,32960
974,MO,2017,7,37140
975,MO,2017,8,41320
976,MO,2018,1,12140
977,MO,2018,2,16460
978,MO,2018,3,20780
979,MO,2018,4,25100
980,MO,2018,5,29420
981,MO,2018,6,33740
982,MO,2018,7,38060
983,MO,2018,8,42380
984,MO,2019,1,12490
985,MO,2019,2,16910
986,MO,2019,3,21330
987,MO,2019,4,25750
988,MO,2019,5,30170
989,MO,2019,6,34590
990,MO,2019,7,39010
991,MO,2019,8,43430
992,MO,2020,1,12760
993,MO,2020,2,17240
994,MO,2020,3,21720
995,MO,2020,4,26200
996,MO,2020,5,30680
997,MO,2020,6,35160
998,MO,2020,7,39640
999,MO,2020,8,44120
1000,MT,2016,1,11880
1001,MT,2016,2,16020
1002,MT,2016,3,20160
1003,MT,2016,4,24300
1004,MT,2016,5,28440
1005,MT,2016,6,32580
1006,MT,2016,7,36730
1007,MT,2016,8,40890
1008,MT,2017,1,12060
1009,MT,2017,2,16240
1010,MT,2017,3,20420
1011,MT,2017,4,24600
1012,MT,2017,5,28780
1013,MT,2017,6,32960
1014,MT,2017,7,37140
1015,MT,2017,8,41320
1016,MT,2018,1,12140
1017,MT,2018,2,16460
1018,MT,2018,3,20780
1019,MT,2018,4,25100
1020,MT,2018,5,29420
1021,MT,2018,6,33740
1022,MT,2018,7,38060
1023,MT,2018,8,42380
1024,MT,2019,1,12490
1025,MT,2019,2,16910
1026,MT,2019,3,21330
1027,MT,2019,4,25750
1028,MT,2019,5,30170
1029,MT,2019,6,34590
1030,MT,2019,7,39010
1031,MT,2019,8,43430
1032,MT,2020,1,12760
1033,MT,2020,2,17240
1034,MT,2020,3,21720
1035,MT,2020,4,26200
1036,MT,2020,5,30680
1037,MT,2020,6,35160
1038,MT,2020,7,39640
1039,MT,2020,8,44120
1040,NE,2016,1,11880
1041,NE,2016,2,16020
1042,NE,2016,3,20160
1043,NE,2016,4,24300
1044,NE,2016,5,28440
1045,NE,2016,6,32580
1046,NE,2016,7,36730
1047,NE,2016,8,40890
1048,NE,2017,1,12060
1049,NE,2017,2,16240
1050,NE,2017,3,20420
1051,NE,2017,4,24600
1052,NE,2017,5,28780
1053,NE,2017,6,32960
1054,NE,2017,7,37140
1055,NE,2017,8,41320
1056,NE,2018,1,12140
1057,NE,2018,2,16460
1058,NE,2018,3,20780
1059,NE,2018,4,25100
1060,NE,2018,5,29420
1061,NE,2018,6,33740
1062,NE,2018,7,38060
1063,NE,2018,8,42380
1064,NE,2019,1,12490
1065,NE,2019,2,16910
1066,NE,2019,3,21330
1067,NE,2019,4,25750
1068,NE,2019,5,30170
1069,NE,2019,6,34590
1070,NE,2019,7,39010
1071,NE,2019,8,43430
1072,NE,2020,1,12760
1073,NE,2020,2,17240
1074,NE,2020,3,21720
1075,NE,2020,4,26200
1076,NE,2020,5,30680
1077,NE,2020,6,35160
1078,NE,2020,7,39640
1079,NE,2020,8,44120
1080,NV,2016,1,11880
1081,NV,2016,2,16020
1082,NV,2016,3,20160
1083,NV,2016,4,24300
1084,NV,2016,5,28440
1085,NV,2016,6,32580
1086,NV,2016,7,36730
1087,NV,2016,8,40890
1088,NV,2017,1,12060
1089,NV,2017,2,16240
1090,NV,2017,3,20420
1091,NV,2017,4,24600
1092,NV,2017,5,28780
1093,NV,2017,6,32960
1094,NV,2017,7,37140
1095,NV,2017,8,41320
1096,NV,2018,1,12140
1097,NV,2018,2,16460
1098,NV,2018,3,20780
1099,NV,2018,4,25100
1100,NV,2018,5,29420
1101,NV,2018,6,33740
1102,NV,2018,7,38060
1103,NV,2018,8,42380
1104,NV,2019,1,12490
1105,NV,2019,2,16910
1106,NV,2019,3,21330
1107,NV,2019,4,25750
1108,NV,2019,5,30170
1109,NV,2019,6,34590
1110,NV,2019,7,39010
1111,NV,2019,8,43430
1112,NV,2020,1,12760
1113,NV,2020,2,17240
1114,NV,2020,3,21720
1115,NV,2020,4,26200
1116,NV,2020,5,30680
1117,NV,2020,6,35160
1118,NV,2020,7,39640
1119,NV,2020,8,44120
1120,NH,2016,1,11880
1121,NH,2016,2,16020
1122,NH,2016,3,20160
1123,NH,2016,4,24300
1124,NH,2016,5,28440
1125,NH,2016,6,32580
1126,NH,2016,7,36730
1127,NH,2016,8,40890
1128,NH,2017,1,12060
1129,NH,2017,2,16240
1130,NH,2017,3,20420
1131,NH,2017,4,24600
1132,NH,2017,5,28780
1133,NH,2017,6,32960
1134,NH,2017,7,37140
1135,NH,2017,8,41320
1136,NH,2018,1,12140
1137,NH,2018,2,16460
1138,NH,2018,3,20780
1139,NH,2018,4,25100
1140,NH,2018,5,29420
1141,NH,2018,6,33740
1142,NH,2018,7,38060
1143,NH,2018,8,42380
1144,NH,2019,1,12490
1145,NH,2019,2,16910
1146,NH,2019,3,21330
1147,NH,2019,4,25750
1148,NH,2019,5,30170
1149,NH,2019,6,34590
1150,NH,2019,7,39010
1151,NH,2019,8,43430
1152,NH,2020,1,12760
1153,NH,2020,2,17240
1154,NH,2020,3,21720
1155,NH,2020,4,26200
1156,NH,2020,5,30680
1157,NH,2020,6,35160
1158,NH,2020,7,39640
1159,NH,2020,8,44120
1160,NJ,2016,1,11880
1161,NJ,2016,2,16020
1162,NJ,2016,3,20160
1163,NJ,2016,4,24300
1164,NJ,2016,5,28440
1165,NJ,2016,6,32580
1166,NJ,2016,7,36730
1167,NJ,2016,8,40890
1168,NJ,2017,1,12060
1169,NJ,2017,2,16240
1170,NJ,2017,3,20420
1171,NJ,2017,4,24600
1172,NJ,2017,5,28780
1173,NJ,2017,6,32960
1174,NJ,2017,7,37140
1175,NJ,2017,8,41320
1176,NJ,2018,1,12140
1177,NJ,2018,2,16460
1178,NJ,2018,3,20780
1179,NJ,2018,4,25100
1180,NJ,2018,5,29420
1181,NJ,2018,6,33740
1182,NJ,2018,7,38060
1183,NJ,2018,8,42380
1184,NJ,2019,1,12490
1185,NJ,2019,2,16910
1186,NJ,2019,3,21330
1187,NJ,2019,4,25750
1188,NJ,2019,5,30170
1189,NJ,2019,6,34590
1190,NJ,2019,7,39010
1191,NJ,2019,8,43430
1192,NJ,2020,1,12760
1193,NJ,2020,2,17240
1194,NJ,2020,3,21720
1195,NJ,2020,4,26200
1196,NJ,2020,5,30680
1197,NJ,2020,6,35160
1198,NJ,2020,7,39640
1199,NJ,2020,8,44120
1200,NM,2016,1,11880
1201,NM,2016,2,16020
1202,NM,2016,3,20160
1203,NM,2016,4,24300
1204,NM,2016,5,28440
1205,NM,2016,6,32580
1206,NM,2016,7,36730
1207,NM,2016,8,40890
1208,NM,2017,1,12060
1209,NM,2017,2,16240
1210,NM,2017,3,20420
1211,NM,2017,4,24600
1212,NM,2017,5,28780
1213,NM,2017,6,32960
1214,NM,2017,7,37140
1215,NM,2017,8,41320
1216,NM,2018,1,12140
1217,NM,2018,2,16460
1218,NM,2018,3,20780
1219,NM,2018,4,25100
1220,NM,2018,5,29420
1221,NM,2018,6,33740
1222,NM,2018,7,38060
1223,NM,2018,8,42380
1224,NM,2019,1,12490
1225,NM,2019,2,16910
1226,NM,2019,3,21330
1227,NM,2019,4,25750
1228,NM,2019,5,30170
1229,NM,2019,6,34590
1230,NM,2019,7,39010
1231,NM,2019,8,43430
1232,NM,2020,1,12760
1233,NM,2020,2,17240
1234,NM,2020,3,21720
1235,NM,2020,4,26200
1236,NM,2020,5,30680
1237,NM,2020,6,35160
1238,NM,2020,7,39640
1239,NM,2020,8,44120
1240,NY,2016,1,11880
1241,NY,2016,2,16020
1242,NY,2016,3,20160
1243,NY,2016,4,24300
1244,NY,2016,5,28440
1245,NY,2016,6,32580
1246,NY,2016,7,36730
1247,NY,2016,8,40890
1248,NY,2017,1,12060
1249,NY,2017,2,16240
1250,NY,2017,3,20420
1251,NY,2017,4,24600
1252,NY,2017,5,28780
1253,NY,2017,6,32960
1254,NY,2017,7,37140
1255,NY,2017,8,41320
1256,NY,2018,1,12140
1257,NY,2018,2,16460
1258,NY,2018,3,20780
1259,NY,2018,4,25100
1260,NY,2018,5,29420
1261,NY,2018,6,33740
1262,NY,2018,7,38060
1263,NY,2018,8,42380
1264,NY,2019,1,12490
1265,NY,2019,2,16910
1266,NY,2019,3,21330
1267,NY,2019,4,25750
1268,NY,2019,5,30170
1269,NY,2019,6,34590
1270,NY,2019,7,39010
1271,NY,2019,8,43430
1272,NY,2020,1,12760
1273,NY,2020,2,17240
1274,NY,2020,3,21720
1275,NY,2020,4,26200
1276,NY,2020,5,30680
1277,NY,2020,6,35160
1278,NY,2020,7,39640
1279,NY,2020,8,44120
1280,NC,2016,1,11880
1281,NC,2016,2,16020
1282,NC,2016,3,20160
1283,NC,2016,4,24300
1284,NC,2016,5,28440
1285,NC,2016,6,32580
1286,NC,2016,7,36730
1287,NC,2016,8,40890
1288,NC,2017,1,12060
1289,NC,2017,2,16240
1290,NC,2017,3,20420
1291,NC,2017,4,24600
1292,NC,2017,5,28780
1293,NC,2017,6,32960
1294,NC,2017,7,37140
1295,NC,2017,8,41320
1296,NC,2018,1,12140
1297,NC,2018,2,16460
1298,NC,2018,3,20780
1299,NC,2018,4,25100
1300,NC,2018,5,29420
1301,NC,2018,6,33740
1302,NC,2018,7,38060
1303,NC,2018,8,42380
1304,NC,2019,1,12490
1305,NC,2019,2,16910
1306,NC,2019,3,21330
1307,NC,2019,4,25750
1308,NC,2019,5,30170
1309,NC,2019,6,34590
1310,NC,2019,7,39010
1311,NC,2019,8,43430
1312,NC,2020,1,12760
1313,NC,2020,2,17240
1314,NC,2020,3,21720
1315,NC,2020,4,26200
1316,NC,2020,5,30680
1317,NC,2020,6,35160
1318,NC,2020,7,39640
1319,NC,2020,8,44120
1320,ND,2016,1,11880
1321,ND,2016,2,16020
1322,ND,2016,3,20160
1323,ND,2016,4,24300
1324,ND,2016,5,28440
1325,ND,2016,6,32580
1326,ND,2016,7,36730
1327,ND,2016,8,40890
1328,ND,2017,1,12060
1329,ND,2017,2,16240
1330,ND,2017,3,20420
1331,ND,2017,4,24600
1332,ND,2017,5,28780
1333,ND,2017,6,32960
1334,ND,2017,7,37140
1335,ND,2017,8,41320
1336,ND,2018,1,12140
1337,ND,2018,2,16460
1338,ND,2018,3,20780
1339,ND,2018,4,25100
1340,ND,2018,5,29420
1341,ND,2018,6,33740
1342,ND,2018,7,38060
1343,ND,2018,8,42380
1344,ND,2019,1,12490
1345,ND,2019,2,16910
1346,ND,2019,3,21330
1347,ND,2019,4,25750
1348,ND,2019,5,30170
1349,ND,2019,6,34590
1350,ND,2019,7,39010
1351,ND,2019,8,43430
1352,ND,2020,1,12760
1353,ND,2020,2,17240
1354,ND,2020,3,21720
1355,ND,2020,4,26200
1356,ND,2020,5,30680
1357,ND,2020,6,35160
1358,ND,2020,7,39640
1359,ND,2020,8,44120
1360,OH,2016,1,11880
1361,OH,2016,2,16020
1362,OH,2016,3,20160
1363,OH,2016,4,24300
1364,OH,2016,5,28440
1365,OH,2016,6,32580
1366,OH,2016,7,36730
1367,OH,2016,8,40890
1368,OH,2017,1,12060
1369,OH,2017,2,16240
1370,OH,2017,3,20420
1371,OH,2017,4,24600
1372,OH,2017,5,28780
1373,OH,2017,6,32960
1374,OH,2017,7,37140
1375,OH,2017,8,41320
1376,OH,2018,1,12140
1377,OH,2018,2,16460
1378,OH,2018,3,20780
1379,OH,2018,4,25100
1380,OH,2018,5,29420
1381,OH,2018,6,33740
1382,OH,2018,7,38060
1383,OH,2018,8,42380
1384,OH,2019,1,12490
1385,OH,2019,2,16910
1386,OH,2019,3,21330
1387,OH,2019,4,25750
1388,OH,2019,5,30170
1389,OH,2019,6,34590
1390,OH,2019,7,39010
1391,OH,2019,8,43430
1392,OH,2020,1,12760
1393,OH,2020,2,17240
1394,OH,2020,3,21720
1395,OH,2020,4,26200
1396,OH,2020,5,30680
1397,OH,2020,6,35160
1398,OH,2020,7,39640
1399,OH,2020,8,44120
1400,OK,2016,1,11880
1401,OK,2016,2,16020
1402,OK,2016,3,20160
1403,OK,2016,4,24300
1404,OK,2016,5,28440
1405,OK,2016,6,32580
1406,OK,2016,7,36730
1407,OK,2016,8,40890
1408,OK,2017,1,12060
1409,OK,2017,2,16240
1410,OK,2017,3,20420
1411,OK,2017,4,24600
1412,OK,2017,5,28780
1413,OK,2017,6,32960
1414,OK,2017,7,37140
1415,OK,2017,8,41320
1416,OK,2018,1,12140
1417,OK,2018,2,16460
1418,OK,2018,3,20780
1419,OK,2018,4,25100
1420,OK,2018,5,29420
1421,OK,2018,6,33740
1422,OK,2018,7,38060
1423,OK,2018,8,42380
1424,OK,2019,1,12490
1425,OK,2019,2,16910
1426,OK,2019,3,21330
1427,OK,2019,4,25750
1428,OK,2019,5,30170
1429,OK,2019,6,34590
1430,OK,2019,7,39010
1431,OK,2019,8,43430
1432,OK,2020,1,12760
1433,OK,2020,2,17240
1434,OK,2020,3,21720
1435,OK,2020,4,26200
1436,OK,2020,5,30680
1437,OK,2020,6,35160
1438,OK,2020,7,39640
1439,OK,2020,8,44120
1440,OR,2016,1,11880
1441,OR,2016,2,16020
1442,OR,2016,3,20160
1443,OR,2016,4,24300
1444,OR,2016,5,28440
1445,OR,2016,6,32580
1446,OR,2016,7,36730
1447,OR,2016,8,40890
1448,OR,2017,1,12060
1449,OR,2017,2,16240
1450,OR,2017,3,20420
1451,OR,2017,4,24600
1452,OR,2017,5,28780
1453,OR,2017,6,32960
1454,OR,2017,7,37140
1455,OR,2017,8,41320
1456,OR,2018,1,12140
1457,OR,2018,2,16460
1458,OR,2018,3,20780
1459,OR,2018,4,25100
1460,OR,2018,5,29420
1461,OR,2018,6,33740
1462,OR,2018,7,38060
1463,OR,2018,8,42380
1464,OR,2019,1,12490
1465,OR,2019,2,16910
1466,OR,2019,3,21330
1467,OR,2019,4,25750
1468,OR,2019,5,30170
1469,OR,2019,6,34590
1470,OR,2019,7,39010
1471,OR,2019,8,43430
1472,OR,2020,1,12760
1473,OR,2020,2,17240
1474,OR,2020,3,21720
1475,OR,2020,4,26200
1476,OR,2020,5,30680
1477,OR,2020,6,35160
1478,OR,2020,7,39640
1479,OR,2020,8,44120
1480,PA,2016,1,11880
1481,PA,2016,2,16020
1482,PA,2016,3,20160
1483,PA,2016,4,24300
1484,PA,2016,5,28440
1485,PA,2016,6,32580
1486,PA,2016,7,36730
1487,PA,2016,8,40890
1488,PA,2017,1,12060
1489,PA,2017,2,16240
1490,PA,2017,3,20420
1491,PA,2017,4,24600
1492,PA,2017,5,28780
1493,PA,2017,6,32960
1494,PA,2017,7,37140
1495,PA,2017,8,41320
1496,PA,2018,1,12140
1497,PA,2018,2,16460
1498,PA,2018,3,20780
1499,PA,2018,4,25100
1500,PA,2018,5,29420
1501,PA,2018,6,33740
1502,PA,2018,7,38060
1503,PA,2018,8,42380
1504,PA,2019,1,12490
1505,PA,2019,2,16910
1506,PA,2019,3,21330
1507,PA,2019,4,25750
1508,PA,2019,5,30170
1509,PA,2019,6,34590
1510,PA,2019,7,39010
1511,PA,2019,8,43430
1512,PA,2020,1,12760
1513,PA,2020,2,17240
1514,PA,2020,3,21720
1515,PA,2020,4,26200
1516,PA,2020,5,30680
1517,PA,2020,6,35160
1518,PA,2020,7,39640
1519,PA,2020,8,44120
1520,RI,2016,1,11880
1521,RI,2016,2,16020
1522,RI,2016,3,20160
1523,RI,2016,4,24300
1524,RI,2016,5,28440
1525,RI,2016,6,32580
1526,RI,2016,7,36730
1527,RI,2016,8,40890
1528,RI,2017,1,12060
1529,RI,2017,2,16240
1530,RI,2017,3,20420
1531,RI,2017,4,24600
1532,RI,2017,5,28780
1533,RI,2017,6,32960
1534,RI,2017,7,37140
1535,RI,2017,8,41320
1536,RI,2018,1,12140
1537,RI,2018,2,16460
1538,RI,2018,3,20780
1539,RI,2018,4,25100
1540,RI,2018,5,29420
1541,RI,2018,6,33740
1542,RI,2018,7,38060
1543,RI,2018,8,42380
1544,RI,2019,1,12490
1545,RI,2019,2,16910
1546,RI,2019,3,21330
1547,RI,2019,4,25750
1548,RI,2019,5,30170
1549,RI,2019,6,34590
1550,RI,2019,7,39010
1551,RI,2019,8,43430
1552,RI,2020,1,12760
1553,RI,2020,2,17240
1554,RI,2020,3,21720
1555,RI,2020,4,26200
1556,RI,2020,5,30680
1557,RI,2020,6,35160
1558,RI,2020,7,39640
1559,RI,2020,8,44120
1560,SC,2016,1,11880
1561,SC,2016,2,16020
1562,SC,2016,3,20160
1563,SC,2016,4,24300
1564,SC,2016,5,28440
1565,SC,2016,6,32580
1566,SC,2016,7,36730
1567,SC,2016,8,40890
1568,SC,2017,1,12060
1569,SC,2017,2,16240
1570,SC,2017,3,20420
1571,SC,2017,4,24600
1572,SC,2017,5,28780
1573,SC,2017,6,32960
1574,SC,2017,7,37140
1575,SC,2017,8,41320
1576,SC,2018,1,12140
1577,SC,2018,2,16460
1578,SC,2018,3,20780
1579,SC,2018,4,25100
1580,SC,2018,5,29420
1581,SC,2018,6,33740
1582,SC,2018,7,38060
1583,SC,2018,8,42380
1584,SC,2019,1,12490
1585,SC,2019,2,16910
1586,SC,2019,3,21330
1587,SC,2019,4,25750
1588,SC,2019,5,30170
1589,SC,2019,6,34590
1590,SC,2019,7,39010
1591,SC,2019,8,43430
1592,SC,2020,1,12760
1593,SC,2020,2,17240
1594,SC,2020,3,21720
1595,SC,2020,4,26200
1596,SC,2020,5,30680
1597,SC,2020,6,35160
1598,SC,2020,7,39640
1599,SC,2020,8,44120
1600,SD,2016,1,11880
1601,SD,2016,2,16020
1602,SD,2016,3,20160
1603,SD,2016,4,24300
1604,SD,2016,5,28440
1605,SD,2016,6,32580
1606,SD,2016,7,36730
1607,SD,2016,8,40890
1608,SD,2017,1,12060
1609,SD,2017,2,16240
1610,SD,2017,3,20420
1611,SD,2017,4,24600
1612,SD,2017,5,28780
1613,SD,2017,6,32960
1614,SD,2017,7,37140
1615,SD,2017,8,41320
1616,SD,2018,1,12140
1617,SD,2018,2,16460
1618,SD,2018,3,20780
1619,SD,2018,4,25100
1620,SD,2018,5,29420
1621,SD,2018,6,33740
1622,SD,2018,7,38060
1623,SD,2018,8,42380
1624,SD,2019,1,12490
1625,SD,2019,2,16910
1626,SD,2019,3,21330
1627,SD,2019,4,25750
1628,SD,2019,5,30170
1629,SD,2019,6,34590
1630,SD,2019,7,39010
1631,SD,2019,8,43430
1632,SD,2020,1,12760
1633,SD,2020,2,17240
1634,SD,2020,3,21720
1635,SD,2020,4,26200
1636,SD,2020,5,30680
1637,SD,2020,6,35160
1638,SD,2020,7,39640
1639,SD,2020,8,44120
1640,TN,2016,1,11880
1641,TN,2016,2,16020
1642,TN,2016,3,20160
1643,TN,2016,4,24300
1644,TN,2016,5,28440
1645,TN,2016,6,32580
1646,TN,2016,7,36730
1647,TN,2016,8,40890
1648,TN,2017,1,12060
1649,TN,2017,2,16240
1650,TN,2017,3,20420
1651,TN,2017,4,24600
1652,TN,2017,5,28780
1653,TN,2017,6,32960
1654,TN,2017,7,37140
1655,TN,2017,8,41320
1656,TN,2018,1,12140
1657,TN,2018,2,16460
1658,TN,2018,3,20780
1659,TN,2018,4,25100
1660,TN,2018,5,29420
1661,TN,2018,6,33740
1662,TN,2018,7,38060
1663,TN,2018,8,42380
1664,TN,2019,1,12490
1665,TN,2019,2,16910
1666,TN,2019,3,21330
1667,TN,2019,4,25750
1668,TN,2019,5,30170
1669,TN,2019,6,34590
1670,TN,2019,7,39010
1671,TN,2019,8,43430
1672,TN,2020,1,12760
1673,TN,2020,2,17240
1674,TN,2020,3,21720
1675,TN,2020,4,26200
1676,TN,2020,5,30680
1677,TN,2020,6,35160
1678,TN,2020,7,39640
1679,TN,2020,8,44120
1680,TX,2016,1,11880
1681,TX,2016,2,16020
1682,TX,2016,3,20160
1683,TX,2016,4,24300
1684,TX,2016,5,28440
1685,TX,2016,6,32580
1686,TX,2016,7,36730
1687,TX,2016,8,40890
1688,TX,2017,1,12060
1689,TX,2017,2,16240
1690,TX,2017,3,20420
1691,TX,2017,4,24600
1692,TX,2017,5,28780
1693,TX,2017,6,32960
1694,TX,2017,7,37140
1695,TX,2017,8,41320
1696,TX,2018,1,12140
1697,TX,2018,2,16460
1698,TX,2018,3,20780
1699,TX,2018,4,25100
1700,TX,2018,5,29420
1701,TX,2018,6,33740
1702,TX,2018,7,38060
1703,TX,2018,8,42380
1704,TX,2019,1,12490
1705,TX,2019,2,16910
1706,TX,2019,3,21330
1707,TX,2019,4,25750
1708,TX,2019,5,30170
1709,TX,2019,6,34590
1710,TX,2019,7,39010
1711,TX,2019,8,43430
1712,TX,2020,1,12760
1713,TX,2020,2,17240
1714,TX,2020,3,21720
1715,TX,2020,4,26200
1716,TX,2020,5,30680
1717,TX,2020,6,35160
1718,TX,2020,7,39640
1719,TX,2020,8,44120
1720,UT,2016,1,11880
1721,UT,2016,2,16020
1722,UT,2016,3,20160
1723,UT,2016,4,24300
1724,UT,2016,5,28440
1725,UT,2016,6,32580
1726,UT,2016,7,36730
1727,UT,2016,8,40890
1728,UT,2017,1,12060
1729,UT,2017,2,16240
1730,UT,2017,3,20420
1731,UT,2017,4,24600
1732,UT,2017,5,28780
1733,UT,2017,6,32960
1734,UT,2017,7,37140
1735,UT,2017,8,41320
1736,UT,2018,1,12140
1737,UT,2018,2,16460
1738,UT,2018,3,20780
1739,UT,2018,4,25100
1740,UT,2018,5,29420
1741,UT,2018,6,33740
1742,UT,2018,7,38060
1743,UT,2018,8,42380
1744,UT,2019,1,12490
1745,UT,2019,2,16910
1746,UT,2019,3,21330
1747,UT,2019,4,25750
1748,UT,2019,5,30170
1749,UT,2019,6,34590
1750,UT,2019,7,39010
1751,UT,2019,8,43430
1752,UT,2020,1,12760
1753,UT,2020,2,17240
1754,UT,2020,3,21720
1755,UT,2020,4,26200
1756,UT,2020,5,30680
1757,UT,2020,6,35160
1758,UT,2020,7,39640
1759,UT,2020,8,44120
1760,VT,2016,1,11880
1761,VT,2016,2,16020
1762,VT,2016,3,20160
1763,VT,2016,4,24300
1764,VT,2016,5,28440
1765,VT,2016,6,32580
1766,VT,2016,7,36730
1767,VT,2016,8,40890
1768,VT,2017,1,12060
1769,VT,2017,2,16240
1770,VT,2017,3,20420
1771,VT,2017,4,24600
1772,VT,2017,5,28780
1773,VT,2017,6,32960
1774,VT,2017,7,37140
1775,VT,2017,8,41320
1776,VT,2018,1,12140
1777,VT,2018,2,16460
1778,VT,2018,3,20780
1779,VT,2018,4,25100
1780,VT,2018,5,29420
1781,VT,2018,6,33740
1782,VT,2018,7,38060
1783,VT,2018,8,42380
1784,VT,2019,1,12490
1785,VT,2019,2,16910
1786,VT,2019,3,21330
1787,VT,2019,4,25750
1788,VT,2019,5,30170
1789,VT,2019,6,34590
1790,VT,2019,7,39010
1791,VT,2019,8,43430
1792,VT,2020,1,12760
1793,VT,2020,2,17240
1794,VT,2020,3,21720
1795,VT,2020,4,26200
1796,VT,2020,5,30680
1797,VT,2020,6,35160
1798,VT,2020,7,39640
1799,VT,2020,8,44120
1800,VA,2016,1,11880
1801,VA,2016,2,16020
1802,VA,2016,3,20160
1803,VA,2016,4,24300
1804,VA,2016,5,28440
1805,VA,2016,6,32580
1806,VA,2016,7,36730
1807,VA,2016,8,40890
1808,VA,2017,1,12060
1809,VA,2017,2,16240
1810,VA,2017,3,20420
1811,VA,2017,4,24600
1812,VA,2017,5,28780
1813,VA,2017,6,32960
1814,VA,2017,7,37140
1815,VA,2017,8,41320
1816,VA,2018,1,12140
1817,VA,2018,2,16460
1818,VA,2018,3,20780
1819,VA,2018,4,25100
1820,VA,2018,5,29420
1821,VA,2018,6,33740
1822,VA,2018,7,38060
1823,VA,2018,8,42380
1824,VA,2019,1,12490
1825,VA,2019,2,16910
1826,VA,2019,3,21330
1827,VA,2019,4,25750
1828,VA,2019,5,30170
1829,VA,2019,6,34590
1830,VA,2019,7,39010
1831,VA,2019,8,43430
1832,VA,2020,1,12760
1833,VA,2020,2,17240
1834,VA,2020,3,21720
1835,VA,2020,4,26200
1836,VA,2020,5,30680
1837,VA,2020,6,35160
1838,VA,2020,7,39640
1839,VA,2020,8,44120
1840,WA,2016,1,11880
1841,WA,2016,2,16020
1842,WA,2016,3,20160
1843,WA,2016,4,24300
1844,WA,2016,5,28440
1845,WA,2016,6,32580
1846,WA,2016,7,36730
1847,WA,2016,8,40890
1848,WA,2017,1,12060
1849,WA,2017,2,16240
1850,WA,2017,3,20420
1851,WA,2017,4,24600
1852,WA,2017,5,28780
1853,WA,2017,6,32960
1854,WA,2017,7,37140
1855,WA,2017,8,41320
1856,WA,2018,1,12140
1857,WA,2018,2,16460
1858,WA,2018,3,20780
1859,WA,2018,4,25100
1860,WA,2018,5,29420
1861,WA,2018,6,33740
1862,WA,2018,7,38060
1863,WA,2018,8,42380
1864,WA,2019,1,12490
1865,WA,2019,2,16910
1866,WA,2019,3,21330
1867,WA,2019,4,25750
1868,WA,2019,5,30170
1869,WA,2019,6,34590
1870,WA,2019,7,39010
1871,WA,2019,8,43430
1872,WA,2020,1,12760
1873,WA,2020,2,17240
1874,WA,2020,3,21720
1875,WA,2020,4,26200
1876,WA,2020,5,30680
1877,WA,2020,6,35160
1878,WA,2020,7,39640
1879,WA,2020,8,44120
1880,WV,2016,1,11880
1881,WV,2016,2,16020
1882,WV,2016,3,20160
1883,WV,2016,4,24300
1884,WV,2016,5,28440
1885,WV,2016,6,32580
1886,WV,2016,7,36730
1887,WV,2016,8,40890
1888,WV,2017,1,12060
1889,WV,2017,2,16240
1890,WV,2017,3,20420
1891,WV,2017,4,24600
1892,WV,2017,5,28780
1893,WV,2017,6,32960
1894,WV,2017,7,37140
1895,WV,2017,8,41320
1896,WV,2018,1,12140
1897,WV,2018,2,16460
1898,WV,2018,3,20780
1899,WV,2018,4,25100
1900,WV,2018,5,29420
1901,WV,2018,6,33740
1902,WV,2018,7,38060
1903,WV,2018,8,42380
1904,WV,2019,1,12490
1905,WV,2019,2,16910
1906,WV,2019,3,21330
1907,WV,2019,4,25750
1908,WV,2019,5,30170
1909,WV,2019,6,34590
1910,WV,2019,7,39010
1911,WV,2019,8,43430
1912,WV,2020,1,12760
1913,WV,2020,2,17240
1914,WV,2020,3,21720
1915,WV,2020,4,26200
1916,WV,2020,5,30680
1917,WV,2020,6,35160
1918,WV,2020,7,39640
1919,WV,2020,8,44120
1920,WI,2016,1,11880
1921,WI,2016,2,16020
1922,WI,2016,3,20160
1923,WI,2016,4,24300
1924,WI,2016,5,28440
1925,WI,2016,6,32580
1926,WI,2016,7,36730
1927,WI,2016,8,40890
1928,WI,2017,1,12060
1929,WI,2017,2,16240
1930,WI,2017,3,20420
1931,WI,2017,4,24600
1932,WI,2017,5,28780
1933,WI,2017,6,32960
1934,WI,2017,7,37140
1935,WI,2017,8,41320
1936,WI,2018,1,12140
1937,WI,2018,2,16460
1938,WI,2018,3,20780
1939,WI,2018,4,25100
1940,WI,2018,5,29420
1941,WI,2018,6,33740
1942,WI,2018,7,38060
1943,WI,2018,8,42380
1944,WI,2019,1,12490
1945,WI,2019,2,16910
1946,WI,2019,3,21330
1947,WI,2019,4,25750
1948,WI,2019,5,30170
1949,WI,2019,6,34590
1950,WI,2019,7,39010
1951,WI,2019,8,43430
1952,WI,2020,1,12760
1953,WI,2020,2,17240
1954,WI,2020,3,21720
1955,WI,2020,4,26200
1956,WI,2020,5,30680
1957,WI,2020,6,35160
1958,WI,2020,7,39640
1959,WI,2020,8,44120
1960,WY,2016,1,11880
1961,WY,2016,2,16020
1962,WY,2016,3,20160
1963,WY,2016,4,24300
1964,WY,2016,5,28440
1965,WY,2016,6,32580
1966,WY,2016,7,36730
1967,WY,2016,8,40890
1968,WY,2017,1,12060
1969,WY,2017,2,16240
1970,WY,2017,3,20420
1971,WY,2017,4,24600
1972,WY,2017,5,28780
1973,WY,2017,6,32960
1974,WY,2017,7,37140
1975,WY,2017,8,41320
1976,WY,2018,1,12140
1977,WY,2018,2,16460
1978,WY,2018,3,20780
1979,WY,2018,4,25100
1980,WY,2018,5,29420
1981,WY,2018,6,33740
1982,WY,2018,7,38060
1983,WY,2018,8,42380
1984,WY,2019,1,12490
1985,WY,2019,2,16910
1986,WY,2019,3,21330
1987,WY,2019,4,25750
1988,WY,2019,5,30170
1989,WY,2019,6,34590
1990,WY,2019,7,39010
1991,WY,2019,8,43430
1992,WY,2020,1,12760
1993,WY,2020,2,17240
1994,WY,2020,3,21720
1995,WY,2020,4,26200
1996,WY,2020,5,30680
1997,WY,2020,6,35160
1998,WY,2020,7,39640
1999,WY,2020,8,44120
